{"ALB_ROOF": [0.0504504604160325, 0.8375574092515501], "EM_ROOF": [0.944810155178025, 0.9870620760602824], "ALB_IMPROAD": [0.08439651456393375, 0.2623499523852217], "EM_IMPROAD": [0.9290349482507995, 0.9876735288063491], "ALB_PERROAD": [0.08389479554512456, 0.21235655930692215], "EM_PERROAD": [0.9492626280916897, 0.9861907308757623], "ALB_WALL": [0.08, 0.69], "EM_WALL": [0.944810155178025, 0.97], "HT_ROOF": [2.6666667461395264, 30.394161224365234], "CANYON_HWR": [0.0005146359459725873, 3.6134838777865044], "WTLUNIT_ROOF": [0.0004342883763168284, 0.7476066219469464], "WTROAD_PERV": [0.029338570783606417, 0.9994594237377528], "PCT_URBAN": [0.004628926833748062, 0.9958049136597152], "WIND_HGT_CANYON": [1.3333333730697632, 15.197080612182617]}